id,speed
0,48.234737
1,48.294838
2,39.445095
3,30.600489
4,39.119728
5,28.465836
6,20.488552
7,49.081768
8,48.299072
9,32.42482
10,29.011732
11,23.78701
12,24.565907
13,23.909323
14,26.272854
15,40.371204
16,44.070164
17,47.752537
18,48.391285
19,47.852592
20,46.4677
21,44.067352
22,21.339125
23,27.326225
24,25.917887
25,21.643732
26,22.456465
27,21.286406
28,18.100010 
29,14.65356
30,25.706291
31,47.0111111
32,48.78263
33,28.050623
34,26.036879
35,24.665321
36,20.397379
37,20.74817
38,45.236
39,39.42063
40,44.1452
41,47.899654
42,48.447163
43,44.76574
44,20.0 
45,18.477877
46,18.78685
47,10.154238
48,43.362144
49,48.595963
50,48.95998
51,23.230497
52,22.53428
53,20.494074
54,18.243698
55,17.330841
56,17.172262
57,16.242914
58,29.243341
59,34.24741
60,42.726566
61,41.105183
62,42.755615
63,42.88739
64,45.876892
65,47.8762
66,47.499657
67,45.92062
68,42.79339
69,25.03847
70,22.465382
71,20.881802
72,16.376904
73,15.522768
74,12.772524
75,6.0147314
76,40.892273
77,35.65086
78,37.769226
79,47.876915
80,13.813361
81,15.782052
82,22.317024
83,15.371521
84,14.215816
85,9.816418
86,22.467567
87,38.092205
88,44.641975
89,39.11403
90,47.628513
91,46.650154
92,45.25758
93,44.68784
94,27.467432
95,14.605413
96,24.687391
97,11.336556
98,9.9757595
99,21.298264
100,40.31113
101,47.670586
102,14.300355
103,17.860218
104,14.497162
105,43.220062
106,29.792557
107,48.76542
108,42.841835
109,13.332952
110,10.329727
111,8.8060665
112,20.269136
113,27.949413
114,35.95677
115,49.327663
116,49.20005
117,44.145905
118,27.843718
119,22.967293
120,20.15094
121,16.353128
122,31.253605
123,47.438633
124,47.36852
125,43.4035
126,42.63191
127,36.59244
128,41.898357
129,34.642673
130,48.035652
131,47.22456
132,46.501152
133,28.220438
134,23.589739
135,23.030928
136,40.836426
137,47.575966
138,49.106594
139,47.826176
140,46.901188
141,45.003273
142,29.530935
143,16.178669
144,20.580132
145,17.71201
146,17.603434
147,48.533497
148,48.82194
149,47.593307
150,47.460423
151,14.261347
152,15.211575
153,14.898385
154,8.08708
155,20.964651
156,35.100475
157,41.239666
158,35.78667
159,42.0763
160,48.70419
161,49.150288
162,48.610935
163,47.792667
164,44.810314
165,29.174704
166,15.7241125
167,19.801636
168,18.188538
169,18.448511
170,12.54413
171,11.969315
172,46.009033
173,48.285606
174,44.302834
175,27.218822
176,23.316858
177,16.50445
178,18.176445
179,10.336266
180,46.523903
181,48.97937
182,49.24537
183,48.7762
184,42.150425
185,19.401287
186,18.978281
187,39.697
188,33.454895
189,47.956673
190,43.9091
191,43.567905
192,37.54089
193,39.177944
194,37.871967
195,37.390408
196,38.243275
197,43.846844
198,39.011402
199,48.008896
200,46.938236
201,28.47674
202,25.37313
203,18.269098
204,17.737375
205,18.991451
206,40.74255
207,41.575294
208,48.78983
209,48.95669
210,47.709236
211,46.733482
212,28.888315
213,14.896489
214,22.615116
215,20.830347
216,16.301046
217,22.679222
218,44.83071
219,48.222603
220,47.27299
221,44.972477
222,29.957039
223,18.163958
224,12.791673
225,24.611242
226,46.230602
227,48.25206
228,18.849741
229,24.183027
230,19.65617
231,18.463964
232,43.76525
233,48.512474
234,47.15678
235,19.486998
236,23.230001
237,20.090622
238,22.612255
239,43.17118
240,33.22426
241,36.142727
242,48.62994
243,49.69555
244,48.522957
245,48.604282
246,27.875883
247,24.38674
248,22.064405
249,19.831623
250,19.77554
251,32.14532
252,43.29737
253,32.959972
254,35.21382
255,46.89749
256,46.744396
257,45.210014
258,42.946823
259,43.22127
260,41.74082
261,38.351143
262,39.15881
263,43.771816
264,30.924437
265,39.644436
266,48.06321
267,43.522358
268,18.980217
269,21.904753
270,20.433558
271,18.65695
272,18.806004
273,15.815325
274,46.72941
275,47.522808
276,48.04562
277,47.53212
278,26.628565
279,14.717304
280,16.41292
281,22.166935
282,19.966118
283,15.507893
284,11.910356
285,14.13104
286,49.37398
287,48.425846
288,10.9521
289,14.692605
290,15.864926
291,12.066277
292,11.258966
293,25.805433
294,47.507454
295,49.57215
296,48.074017
297,33.51999
298,22.509607
299,32.522373
300,25.379696
301,20.570583
302,22.466219
303,43.824142
304,42.08011
305,50.91656
306,49.63683
307,49.684135
308,45.59516
309,28.617723
310,18.740824
311,6.86629
312,41.053135
313,32.02643
314,33.73151
315,49.10601
316,47.198025
317,37.746605
318,29.82848
319,32.902958
320,45.23605
321,46.01363
322,46.406517
323,46.302467
324,46.33687
325,45.165733
326,46.69623
327,41.23881
328,41.350525
329,34.91869
330,35.18858
331,43.69445
332,42.11728
333,34.101784
334,28.890331
335,34.34836
336,47.1778
337,46.76995
338,15.190862
339,21.066856
340,21.44476
341,23.081013
342,43.214535
343,41.98771
344,49.447094
345,48.836197
346,48.6114
347,16.515482
348,38.216
349,50.02035
350,48.902855
351,48.42572
352,31.379816
353,17.384127
354,24.165508
355,20.235716
356,16.489367
357,21.657742
358,36.44003
359,44.30516
360,42.752045
361,49.820934
362,17.244347
363,23.880482
364,19.419998
365,15.972346
366,11.9773245
367,21.67161
368,43.101173
369,49.76523
370,48.54374
371,47.780277
372,47.263573
373,18.718304
374,18.77213
375,10.11744
376,20.035372
377,35.096825
378,36.457554
379,48.705524
380,28.973257
381,16.934425
382,16.784887
383,30.698008
384,48.184444
385,47.83727
386,47.3049
387,44.451836
388,42.270546
389,38.35316
390,36.628613
391,32.300278
392,48.62259
393,49.3797
394,47.735855
395,16.767601
396,18.207087
397,24.799599
398,22.650642
399,16.062151
400,10.235963
401,35.14172
402,36.99354
403,49.247272
404,47.586063
405,45.02676
406,30.820818
407,17.713963
408,19.441721
409,17.749344
410,15.750649
411,8.902605
412,42.0577
413,36.539814
414,41.09861
415,49.45989
416,48.64298
417,48.291782
418,47.734657
419,31.619232
420,17.234877
421,10.682915
422,43.63818
423,39.314644
424,49.750286
425,50.07728
426,50.602215
427,37.545265
428,30.87483
429,43.257137
430,39.53589
431,47.6551
432,47.165215
433,44.966923
434,29.5116
435,34.12837
436,26.229816
437,25.161173
438,46.6765
439,47.660576
440,47.82143
441,42.043045
442,34.6574
443,35.23997
444,31.951763
445,37.05195
446,31.183653
447,33.92101
448,46.147625
449,45.517414
450,44.30059
451,45.648056
452,45.397316
453,44.79708
454,44.51321
455,43.10935
456,42.463867
457,44.296432
458,49.027702
459,49.845108
460,36.791267
461,30.408228
462,30.901468
463,27.988182
464,26.820059
465,39.627937
466,48.472965
467,49.398865
468,49.093777
469,48.19921
470,25.42993
471,30.596802
472,30.475595
473,25.437565
474,18.916077
475,25.398636
476,48.976562
477,47.2872
478,37.3865
479,30.28118
480,27.565655
481,23.759413
482,25.616106
483,48.842953
484,48.19661
485,47.653492
486,32.008797
487,35.046593
488,31.881712
489,18.47203
490,17.011065
491,37.884758
492,43.75048
493,48.970398
494,49.095802
495,48.271347
496,24.587559
497,32.18737
498,43.639942
499,50.18475
500,50.792225
501,51.068527
502,50.56676
503,50.086662
504,35.442554
505,35.958534
506,30.973171
507,29.518639
508,27.966026
509,46.506115
510,46.362854
511,46.710464
512,46.159264
513,45.070766
514,46.140446
515,44.197346
516,44.137836
517,43.14462
518,47.468533
519,47.028896
520,20.75245
521,24.573238
522,21.57139
523,21.045113
524,15.497749
525,48.280678
526,48.26507
527,48.346954
528,47.369423
529,31.118752
530,21.740757
531,25.103933
532,22.017334
533,16.774363
534,15.130436
535,47.03268
536,29.504244
537,17.616375
538,18.623306
539,19.20329
540,14.410766
541,13.425076
542,45.41919
543,43.951504
544,48.541245
545,45.38539
546,15.810838
547,20.991611
548,22.369337
549,21.167093
550,18.008379
551,39.94096
552,42.03088
553,48.163696
554,48.10578
555,44.627254
556,28.041122
557,18.081923
558,22.110914
559,22.245031
560,18.718092
561,19.049046
562,18.875675
563,17.438562
564,14.9495325
565,10.899958
566,44.28821
567,37.403267
568,39.288597
569,49.36151
570,48.845276
571,32.014374
572,42.606113
573,46.56643
574,46.44974
575,47.092007
576,46.52574
577,44.553875
578,41.40952
579,43.371094
580,43.986168
581,37.4504
582,48.761433
583,48.947037
584,16.72016
585,19.212194
586,25.919897
587,23.805033
588,19.866543
589,18.41351
590,19.52094
591,18.544044
592,46.646133
593,48.171898
594,48.587692
595,46.881344
596,44.160156
597,25.707523
598,26.742247
599,20.982147
600,14.365349
601,47.671635
602,47.454628
603,44.219116
604,14.533418
605,20.117481
606,37.374313
607,41.569775
608,47.64239
609,48.3431
610,47.31029
611,46.83801
612,42.485363
613,12.630962
614,21.005978
615,14.302726
616,13.883881
617,15.202893
618,9.532883
619,19.266697
620,40.60794
621,51.52949
622,50.590126
623,49.789757
624,46.569084
625,28.938488
626,19.660809
627,16.421076
628,18.174063
629,12.885503
630,23.072159
631,50.24386
632,49.390625
633,48.010036
634,42.39148
635,27.21129
636,25.25449
637,48.434395
638,48.679493
639,48.215675
640,40.751904
641,42.81007
642,41.411522
643,41.719666
644,39.108616
645,39.49118
646,38.936783
647,48.00404
648,48.146194
649,47.07478
650,44.766685
651,17.226969
652,18.515888
653,11.531824
654,22.32939
655,47.401318
656,47.725906
657,47.03869
658,46.241943
659,45.715
660,43.666252
661,15.1637945
662,23.037249
663,17.675983
664,18.526909
665,16.883345
666,16.049673
667,10.018134
668,41.358627
669,37.635296
670,42.020164
671,47.285637
672,44.15026
673,22.86727
674,18.656546
675,35.50095
676,48.482243
677,48.049686
678,46.824608
679,14.860882
680,22.675201
681,19.078836
682,18.878765
683,17.54612
684,43.13734
685,47.77189
686,47.427002
687,46.982197
688,45.112556
689,27.88666
690,14.803826
691,20.910679
692,17.851841
693,17.116577
694,49.512894
695,49.00547
696,38.305172
697,25.580605
698,23.255695
699,18.351042
700,17.74949
701,18.220787
702,40.117714
703,45.807667
704,47.64324
705,47.747807
706,47.308575
707,46.632378
708,43.18378
709,43.016796
710,42.477592
711,42.744717
712,42.036106
713,41.979046
714,38.754562
715,45.867256
716,37.380108
717,45.363537
718,47.432804
719,26.279009
720,13.9281025
721,8.7357235
722,5.819181
723,41.07499
724,40.818485
725,47.45076
726,46.356926
727,28.22683
728,15.877796
729,14.687181
730,10.111538
731,42.43731
732,47.431396
733,47.943405
734,41.682175
735,9.80382
736,12.64904
737,10.138339
738,10.551307
739,4.568104
740,33.158535
741,41.30945
742,48.348103
743,48.693043
744,48.02877
745,28.930428
746,16.346888
747,21.655529
748,21.73006
749,17.858952
750,18.054829
751,15.484907
752,39.386723
753,48.509365
754,48.088776
755,47.21247
756,46.84023
757,13.224236
758,16.14572
759,15.682436
760,15.945414
761,11.218273
762,22.637337
763,44.93137
764,35.906796
765,39.407104
766,49.229164
767,48.7254
768,42.14657
769,21.621456
770,20.40988
771,19.723011
772,32.751125
773,46.484985
774,46.57551
775,46.40476
776,45.997536
777,45.172943
778,40.513157
779,37.944233
780,47.71675
781,47.777836
782,47.638996
783,13.914138
784,16.30112
785,17.02916
786,16.111776
787,16.316666
788,10.379756
789,24.893744
790,47.85842
791,47.98031
792,46.775066
793,47.376194
794,18.441017
795,17.193293
796,13.316952
797,9.422851
798,24.207108
799,46.75176
800,27.880587
801,12.552242
802,16.201998
803,14.868259
804,14.492958
805,10.9011965
806,34.770332
807,41.589924
808,48.134274
809,47.547646
810,47.536312
811,47.088585
812,27.639849
813,11.714087
814,19.414238
815,18.667507
816,16.004164
817,42.626087
818,33.56814
819,49.89328
820,48.454323
821,32.36974
822,36.453773
823,28.103489
824,28.254847
825,28.802551
826,49.524902
827,48.779354
828,38.94008
829,35.773643
830,36.872158
831,34.97457
832,45.276814
833,38.087475
834,47.994648
835,47.47521
836,45.57959
837,43.50132
838,38.071796
839,37.385784
840,48.58756
841,48.622288
842,47.78995
843,38.376793
844,27.92222
845,22.703993
846,31.596018
847,39.82051
848,48.56214
849,48.955425
850,48.23889
851,19.780792
852,27.920918
853,25.562788
854,23.219938
855,24.925665
856,21.75256
857,45.217037
858,49.153862
859,48.473656
860,47.681858
861,47.324463
862,17.929035
863,26.998627
864,24.991175
865,22.453075
866,27.59968
867,46.780193
868,42.884983
869,50.811806
870,49.235344
871,26.20115
872,28.559956
873,24.963001
874,50.309555
875,48.89284
876,49.1783
877,48.933437
878,48.13424
879,19.734709
880,13.803297
881,12.2998495
882,23.488678
883,46.444443
884,39.209667
885,48.224483
886,49.221836
887,48.45921
888,48.672153
889,49.058884
890,44.668484
891,27.789934
892,28.779343
893,26.614145
894,38.110374
895,48.002335
896,45.03528
897,43.97466
898,45.090374
899,41.624683
900,44.152554
901,48.115345
902,46.96332
903,28.65545
904,14.4100065
905,16.948526
906,23.511856
907,20.391054
908,17.814154
909,12.579655
910,36.36247
911,44.10646
912,47.163906
913,47.196556
914,46.713524
915,23.819763
916,23.220015
917,17.307467
918,18.57974
919,12.825998
920,47.822124
921,48.60919
922,47.78839
923,14.029574
924,24.332123
925,21.730213
926,15.757058
927,16.812592
928,11.573018
929,10.258648
930,23.761967
931,38.238777
932,45.396805
933,48.15849
934,14.466174
935,17.011938
936,16.968348
937,15.632851
938,11.724502
939,23.008396
940,44.74591
941,48.275837
942,48.699432
943,47.778072
944,47.23033
945,29.49163
946,15.111081
947,23.407797
948,23.006657
949,17.013262
950,39.23119
951,47.166676
952,48.692368
953,46.85969
954,40.481197
955,22.60819
956,23.385983
957,16.6174
958,40.350807
959,33.931892
960,45.98289
961,47.9954
962,47.75379
963,46.75372
964,45.527153
965,43.750053
966,43.561794
967,43.690876
968,43.121914
969,43.66268
970,38.932323
971,39.103535
972,46.280342
973,13.787091
974,17.39108
975,23.276749
976,18.17238
977,15.34946
978,15.921342
979,12.698525
980,10.342422
981,22.702578
982,46.057125
983,48.03799
984,48.509182
985,47.331013
986,25.109465
987,15.925662
988,13.572317
989,9.028674
990,34.08231
991,45.10243
992,48.82156
993,47.56164
994,47.2835
995,46.832947
996,28.386051
997,13.96735
998,17.472078
999,23.232735
1000,18.237526
1001,16.799143
1002,17.298582
1003,12.368379
1004,22.129301
1005,44.07886
1006,48.484573
1007,47.35427
1008,45.580093
1009,29.24616
1010,17.883352
1011,19.396786
1012,13.32991
1013,12.03776
1014,43.384445
1015,48.31486
1016,47.930637
1017,27.340563
1018,18.039267
1019,23.94317
1020,16.401499
1021,17.252436
1022,10.510312
1023,38.721928
1024,44.917866
1025,37.40596
1026,48.003624
1027,28.362745
1028,22.497845
1029,20.872618
1030,21.702257
1031,20.809204
1032,19.884907
1033,41.240826
1034,39.348057
1035,45.417667
1036,47.254215
1037,47.688347
1038,43.48912
1039,41.024223
1040,40.497875
1041,39.03103
1042,37.925117
1043,36.001446
1044,44.091614
1045,37.07489
1046,36.92347
1047,47.225742
1048,46.660755
1049,47.161484
1050,28.183382
1051,21.851498
1052,17.308804
1053,9.437954
1054,44.5904
1055,48.060028
1056,48.047516
1057,46.689472
1058,44.85997
1059,13.530383
1060,22.615726
1061,17.611748
1062,9.965619
1063,38.0012
1064,45.738472
1065,40.173107
1066,48.341743
1067,47.04995
1068,47.507973
1069,46.869133
1070,46.27403
1071,43.756153
1072,13.930516
1073,15.763708
1074,14.608143
1075,20.218992
1076,36.215572
1077,48.298912
1078,44.472088
1079,13.603017
1080,16.76641
1081,16.142195
1082,15.923524
1083,12.353867
1084,45.997723
1085,40.31434
1086,45.466686
1087,47.663826
1088,17.072903
1089,10.073309
1090,33.778133
1091,38.214832
1092,47.967438
1093,47.700756
1094,45.783752
1095,39.367947
1096,25.310085
1097,22.791187
1098,16.827381
1099,16.615278
1100,16.268578
1101,29.226942
1102,39.22385
1103,37.410053
1104,32.097214
1105,32.67972
1106,48.08494
1107,47.842392
1108,44.14387
1109,41.54503
1110,42.518044
1111,40.370724
1112,37.027153
1113,45.33293
1114,43.77681
1115,48.313995
1116,47.736565
1117,47.65538
1118,24.833092
1119,22.777916
1120,35.504036
1121,38.641582
1122,42.070724
1123,49.03093
1124,45.427597
1125,28.71937
1126,28.411186
1127,27.303015
1128,32.292145
1129,40.068623
1130,44.9837
1131,48.367313
1132,47.055283
1133,45.21301
1134,30.798065
1135,18.295847
1136,20.552324
1137,19.407988
1138,20.566198
1139,15.311246
1140,46.680656
1141,42.51711
1142,47.93092
1143,48.94729
1144,47.4799
1145,28.821648
1146,18.800875
1147,18.133987
1148,45.549267
1149,43.496834
1150,14.09926
1151,22.687422
1152,23.564903
1153,18.72017
1154,18.95241
1155,14.376213
1156,10.922249
1157,22.837244
1158,39.775913
1159,37.421574
1160,47.714725
1161,47.130257
1162,47.74862
1163,47.252327
1164,27.047123
1165,22.874365
1166,23.425913
1167,22.89618
1168,44.76478
1169,46.730484
1170,45.846577
1171,42.04226
1172,37.6754
1173,37.658592
1174,44.793716
1175,47.426895
1176,46.93284
1177,28.74645
1178,14.598944
1179,16.96756
1180,19.723366
1181,20.05412
1182,12.981715
1183,46.613247
1184,45.581146
1185,46.605686
1186,45.90669
1187,45.482418
1188,25.019716
1189,15.715956
1190,14.323422
1191,15.265108
1192,37.51451
1193,46.070698
1194,47.8075
1195,47.52061
1196,46.60324
1197,43.323402
1198,23.651283
1199,41.125343
1200,47.93193
1201,46.975006
1202,40.97745
1203,13.797269
1204,18.590134
1205,13.813444
1206,14.488588
1207,10.826769
1208,17.941721
1209,34.152287
1210,47.02494
1211,45.54121
1212,22.30505
1213,21.233631
1214,20.356195
1215,18.865631
1216,47.049007
1217,47.93698
1218,47.714314
1219,41.292465
1220,24.319416
1221,20.865623
1222,19.618816
1223,19.638628
1224,20.390549
1225,20.087133
1226,18.100342
1227,40.636726
1228,35.99364
1229,36.92495
1230,47.573315
1231,47.696144
1232,38.714664
1233,39.008163
1234,36.985977
1235,48.074196
1236,14.994948
1237,21.972048
1238,18.550795
1239,15.469983
1240,24.402863
1241,46.02357
1242,41.440407
1243,45.10616
1244,49.052612
1245,47.81223
1246,16.802948
1247,23.39462
1248,23.130823
1249,13.252642
1250,44.97486
1251,49.006012
1252,47.411522
1253,47.431194
1254,23.7935
1255,16.68675
1256,17.028528
1257,39.996693
1258,48.156185
1259,47.231724
1260,46.71945
1261,45.13546
1262,28.009106
1263,22.940998
1264,17.237772
1265,17.261595
1266,16.102413
1267,16.142183
1268,21.529251
1269,47.924843
1270,47.875965
1271,48.33457
1272,45.410336
1273,13.044214
1274,15.012879
1275,17.016756
1276,16.376654
1277,12.501694
1278,21.70392
1279,37.6508
1280,43.598534
1281,38.054516
1282,47.46329
1283,48.314007
1284,47.52825
1285,23.993309
1286,25.589092
1287,20.954296
1288,20.0614
1289,20.404554
1290,36.51966
1291,48.496956
1292,48.277206
1293,43.126015
1294,42.9581
1295,41.58034
1296,42.64687
1297,39.396767
1298,46.027954
1299,46.8627
1300,46.11385
1301,44.584682
1302,23.685246
1303,13.066156
1304,23.384834
1305,47.39441
1306,48.037594
1307,47.70252
1308,47.304
1309,38.066525
1310,29.638613
1311,34.038723
1312,26.182423
1313,27.138588
1314,18.659931
1315,32.92207
1316,39.871773
1317,39.938164
1318,43.552856
1319,47.390656
1320,46.939358
1321,44.81425
1322,15.315459
1323,16.928724
1324,19.402626
1325,24.94489
1326,48.30937
1327,23.749786
1328,19.443434
1329,17.812944
1330,19.184595
1331,13.4465065
1332,23.192455
1333,38.51239
1334,37.99436
1335,48.21021
1336,47.29282
1337,45.722015
1338,15.889291
1339,19.34914
1340,18.948702
1341,17.659016
1342,49.233356
1343,48.893143
1344,42.368725
1345,26.861504
1346,24.88685
1347,20.857763
1348,20.58751
1349,42.36419
1350,40.33137
1351,40.68762
1352,39.91896
1353,38.881634
1354,41.085423
1355,38.31476
1356,45.40329
1357,39.311108
1358,47.258427
1359,28.77782
1360,27.021864
1361,24.695702
1362,19.070156
1363,16.885592
1364,18.618763
1365,14.847796
1366,13.064939
1367,38.66526
1368,47.82137
1369,28.52818
1370,24.811949
1371,16.887754
1372,10.506017
1373,38.05662
1374,47.461983
1375,47.290543
1376,47.812862
1377,27.816923
1378,19.013456
1379,42.317112
1380,44.736603
1381,47.026577
1382,17.76704
1383,10.547596
1384,38.33349
1385,43.65791
1386,40.736195
1387,48.031605
1388,48.15362
1389,45.48938
1390,12.723054
1391,14.597847
1392,19.91129
1393,14.393588
1394,16.294912
1395,12.677076
1396,40.83036
1397,49.09062
1398,48.454243
1399,48.510227
1400,26.135584
1401,24.634638
1402,46.38941
1403,46.188282
1404,45.47022
1405,44.98773
1406,44.312675
1407,43.895065
1408,46.25892
1409,44.76218
1410,46.634476
1411,45.126278
1412,46.74916
1413,47.03955
1414,12.342917
1415,25.233553
1416,38.71472
1417,45.932415
1418,45.325478
1419,44.953022
1420,14.064919
1421,18.907274
1422,19.324512
1423,17.71499
1424,17.103092
1425,12.963097
1426,11.013624
1427,23.080763
1428,40.168896
1429,46.35309
1430,46.91749
1431,45.667027
1432,44.994896
1433,42.513344
1434,19.995783
1435,16.037104
1436,17.15525
1437,16.798653
1438,11.573146
1439,21.002676
1440,35.368923
1441,42.90309
1442,46.937603
1443,46.479015
1444,43.767242
1445,24.763971
1446,19.044382
1447,42.57512
1448,46.059696
1449,43.679005
1450,23.90205
1451,13.3371
1452,14.449322
1453,17.754328
1454,9.715207
1455,35.945732
1456,36.948288
1457,48.382442
1458,47.372684
1459,46.0742
1460,20.76297
1461,15.888662
1462,19.646414
1463,38.60828
1464,45.36265
1465,47.161682
1466,47.116665
1467,46.057068
1468,42.6842
1469,43.368183
1470,41.411972
1471,42.05189
1472,46.59226
1473,45.927986
1474,11.2382
1475,15.966414
1476,16.870186
1477,11.550336
1478,38.54522
1479,40.163647
1480,47.687035
1481,47.121815
1482,46.75409
1483,28.258371
1484,23.07507
1485,23.16759
1486,19.110683
1487,15.840785
1488,10.409906
1489,9.189628
1490,20.524975
1491,35.12595
1492,45.53471
1493,44.68121
1494,44.067745
1495,40.900856
1496,18.480532
1497,17.321281
1498,16.371437
1499,9.6413555
1500,20.671331
1501,35.520725
1502,44.69201
1503,48.171993
1504,47.080387
1505,44.884445
1506,15.5375
1507,19.32584
1508,21.911509
1509,18.92116
1510,17.646929
1511,13.005921
1512,11.280812
1513,37.69765
1514,44.231945
1515,38.12556
1516,44.804165
1517,20.353083
1518,7.6741023
1519,35.351143
1520,35.827625
1521,47.348827
1522,45.96805
1523,25.77166
1524,23.619333
1525,20.217478
1526,19.953106
1527,18.994875
1528,40.52924
1529,33.467834
1530,45.024998
1531,47.085903
1532,39.016262
1533,40.04212
1534,43.976696
1535,43.72108
1536,37.23257
1537,48.322372
1538,48.120396
1539,48.408287
1540,47.792713
1541,45.387295
1542,31.101225
1543,27.540665
1544,29.118223
1545,29.647186
1546,29.461988
1547,39.327255
1548,47.622437
1549,48.090046
1550,46.883087
1551,44.55262
1552,26.97269
1553,20.094604
1554,18.153692
1555,16.7031
1556,10.9596405
1557,23.03384
1558,36.311333
1559,48.184296
1560,48.759167
1561,47.32174
1562,46.98909
1563,11.473891
1564,18.297136
1565,11.324313
1566,11.021267
1567,22.991623
1568,43.55598
1569,47.469257
1570,21.850687
1571,21.874363
1572,18.2895
1573,17.485939
1574,12.020231
1575,23.404787
1576,43.581116
1577,41.72176
1578,46.696865
1579,46.885223
1580,45.58574
1581,43.765095
1582,26.281736
1583,16.895758
1584,13.13707
1585,9.780403
1586,36.936172
1587,42.824215
1588,34.693752
1589,37.360474
1590,47.01108
1591,47.311447
1592,46.966362
1593,39.245388
1594,24.357708
1595,19.753893
1596,15.075745
1597,31.248734
1598,40.203636
1599,34.335316
1600,43.934437
1601,44.162743
1602,43.821487
1603,43.180042
1604,39.205753
1605,36.81784
1606,38.251415
1607,35.953495
1608,33.61836
1609,47.128544
1610,47.41804
1611,46.900192
1612,45.794178
1613,17.790607
1614,18.562555
1615,18.576262
1616,17.686844
1617,35.08863
1618,40.68655
1619,47.372093
1620,47.879635
1621,46.764847
1622,47.319202
1623,46.33964
1624,44.69489
1625,27.937258
1626,15.829714
1627,22.923494
1628,22.786612
1629,17.596874
1630,12.255463
1631,47.14409
1632,47.5464
1633,46.42755
1634,47.026237
1635,45.843155
1636,43.8253
1637,13.646696
1638,22.654894
1639,21.7192
1640,17.245417
1641,12.027379
1642,23.421196
1643,37.9204
1644,41.735085
1645,46.55708
1646,46.908894
1647,45.71472
1648,19.7134
1649,14.281161
1650,16.410887
1651,16.090902
1652,11.318727
1653,23.667301
1654,39.08811
1655,37.61271
1656,46.644455
1657,45.20787
1658,15.78323
1659,20.65279
1660,20.433308
1661,16.599651
1662,17.805878
1663,17.830423
1664,17.441162
1665,37.271053
1666,44.826824
1667,38.84501
1668,23.686832
1669,19.665213
1670,19.887028
1671,17.211996
1672,38.354164
1673,33.7415
1674,33.494995
1675,46.42513
1676,47.198795
1677,46.864132
1678,36.418636
1679,43.366314
1680,45.68423
1681,46.801903
1682,48.19346
1683,47.50354
1684,40.378628
1685,31.70286
1686,34.251118
1687,27.597118
1688,28.767843
1689,29.894209
1690,23.188791
1691,30.72191
1692,43.638165
1693,39.002117
1694,46.97935
1695,46.41204
1696,44.43162
1697,12.105071
1698,21.350813
1699,21.472975
1700,45.11785
1701,45.764843
1702,29.578804
1703,11.537608
1704,13.880014
1705,18.988573
1706,20.333755
1707,12.185972
1708,22.614305
1709,40.398
1710,43.19003
1711,48.051796
1712,47.43429
1713,44.130627
1714,21.165415
1715,18.938215
1716,20.04743
1717,16.400948
1718,45.084442
1719,43.864044
1720,46.861843
1721,45.944218
1722,43.780117
1723,28.047415
1724,16.412786
1725,17.919655
1726,39.494205
1727,44.12608
1728,46.894024
1729,40.118446
1730,19.019215
1731,15.805696
1732,43.134842
1733,47.609634
1734,47.47768
1735,47.163715
1736,44.88646
1737,41.367523
1738,41.415085
1739,43.28327
1740,43.713238
1741,43.577732
1742,38.860012
1743,43.804195
1744,36.4525
1745,42.43086
1746,9.805921
1747,14.885666
1748,21.999008
1749,37.091194
1750,37.578667
1751,47.329617
1752,48.21318
1753,17.320503
1754,22.81529
1755,20.828957
1756,20.58022
1757,39.532394
1758,47.67275
1759,47.167217
1760,47.713005
1761,46.966892
1762,44.690483
1763,14.778714
1764,15.80837
1765,17.904871
1766,23.206932
1767,48.945885
1768,48.101383
1769,47.693882
1770,24.209175
1771,21.836052
1772,17.371609
1773,46.46215
1774,45.67669
1775,45.986786
1776,45.2218
1777,44.619278
1778,10.232813
1779,17.016905
1780,18.417656
1781,17.235392
1782,22.852882
1783,39.114258
1784,44.381683
1785,45.35155
1786,41.484436
1787,28.372269
1788,24.278105
1789,24.80929
1790,23.648176
1791,27.904427
1792,26.256582
1793,20.042534
1794,41.56587
1795,40.215057
1796,35.55397
1797,44.30847
1798,44.796837
1799,45.3226
1800,42.071003
1801,41.99867
1802,44.957973
1803,38.75149
1804,41.381466
1805,42.93496
1806,36.823303
1807,37.861576
1808,39.63971
1809,44.815647
1810,45.50473
1811,44.62699
1812,45.154762
1813,40.240837
1814,15.825875
1815,22.093359
1816,25.338943
1817,19.319147
1818,24.806646
1819,40.66699
1820,43.131077
1821,48.28167
1822,47.63613
1823,15.868727
1824,17.703884
1825,23.149286
1826,20.191994
1827,22.994328
1828,24.255056
1829,43.23715
1830,37.428516
1831,48.21807
1832,46.617718
1833,43.585106
1834,29.850967
1835,15.939547
1836,21.638016
1837,21.106737
1838,18.387589
1839,17.578085
1840,22.437231
1841,36.136974
1842,38.61576
1843,44.212566
1844,19.083235
1845,16.736448
1846,18.51406
1847,10.577747
1848,36.879807
1849,48.35398
1850,47.82829
1851,45.68808
1852,21.251127
1853,22.111097
1854,20.476162
1855,20.878601
1856,19.811846
1857,38.4106
1858,33.42921
1859,49.26898
1860,48.392998
1861,26.38873
1862,28.082907
1863,24.5635
1864,23.2166
1865,47.296516
1866,47.433537
1867,46.521744
1868,44.1629
1869,42.634098
1870,38.51132
1871,38.694397
1872,44.2313
1873,35.440342
1874,48.028263
1875,47.576393
1876,47.09622
1877,44.46956
1878,24.05427
1879,21.51791
1880,12.810656
1881,49.36797
1882,49.86182
1883,48.492096
1884,48.616528
1885,19.307484
1886,25.821062
1887,22.742348
1888,21.83504
1889,22.797272
1890,48.39162
1891,18.703308
1892,24.60915
1893,25.042929
1894,20.57499
1895,13.902376
1896,47.27477
1897,47.99732
1898,19.571354
1899,20.032719
1900,14.792824
1901,26.156794
1902,40.112957
1903,48.76478
1904,45.68987
1905,15.398174
1906,18.162704
1907,18.731909
1908,17.708494
1909,13.4341545
1910,23.757425
1911,47.299248
1912,46.727318
1913,24.743767
1914,21.051107
1915,23.096628
1916,19.812155
1917,20.635489
1918,33.746727
1919,42.67556
1920,39.9394
1921,47.391224
1922,42.520744
1923,38.553204
1924,38.0338
1925,38.20333
1926,44.89624
1927,44.132862
1928,42.54567
1929,45.984764
1930,29.992191
1931,14.388769
1932,21.102299
1933,20.284403
1934,19.946426
1935,19.25845
1936,44.71767
1937,39.5696
1938,41.050945
1939,47.35227
1940,46.987083
1941,45.40167
1942,30.158981
1943,13.480248
1944,23.587566
1945,22.60454
1946,16.255066
1947,24.186258
1948,42.733253
1949,39.997555
1950,49.13777
1951,47.178806
1952,45.17141
1953,30.80124
1954,16.366459
1955,15.944576
1956,19.489962
1957,16.187057
1958,12.843671
1959,39.52377
1960,47.24182
1961,48.018436
1962,47.163868
1963,47.556046
1964,44.936615
1965,21.371122
1966,17.55127
1967,44.106373
1968,43.243633
1969,47.737236
1970,44.77158
1971,14.209308
1972,16.4026
1973,17.85693
1974,17.208506
1975,12.3642
1976,22.404129
1977,39.768635
1978,47.55965
1979,47.9044
1980,48.447495
1981,47.045437
1982,41.715656
1983,26.377857
1984,25.577639
1985,24.551098
1986,23.096941
1987,22.737492
1988,37.160976
1989,44.07809
1990,46.59277
1991,46.749058
1992,46.60629
1993,40.25006
1994,37.029427
1995,37.907005
1996,36.988556
1997,37.4852
1998,47.87364
1999,30.44451
2000,19.488806
2001,19.495342
2002,19.627855
2003,14.10337
2004,23.66347
2005,43.54057
2006,42.606457
2007,48.14924
2008,15.887903
2009,17.808916
2010,24.014387
2011,19.433247
2012,13.782473
2013,15.462428
2014,20.181957
2015,18.969717
2016,19.755518
2017,13.430804
2018,34.1618
2019,36.28787
2020,39.839863
2021,47.99237
2022,48.54261
2023,47.73701
2024,19.002817
2025,18.95037
2026,21.336636
2027,24.33719
2028,18.284706
2029,44.32272
2030,37.085514
2031,41.127533
2032,47.244698
2033,45.04027
2034,18.753576
2035,15.23768
2036,13.60031
2037,15.937763
2038,8.010567
2039,47.19213
2040,46.52406
2041,47.00629
2042,26.968899
2043,27.342466
2044,24.301281
2045,23.27857
2046,44.204742
2047,41.411465
2048,37.2612
2049,40.17895
2050,39.57417
2051,43.615875
2052,38.278492
2053,47.23837
2054,47.297237
2055,45.048954
2056,18.242977
2057,24.432688
2058,24.073278
2059,21.305721
2060,24.092747
2061,17.886833
2062,14.02467
2063,46.8354
2064,47.100357
2065,46.10547
2066,15.879424
2067,23.263481
2068,18.8938
2069,21.615622
2070,12.693462
2071,37.649857
2072,39.547478
2073,42.342075
2074,47.114586
2075,29.968168
2076,13.677348
2077,18.12574
2078,17.655209
2079,20.66337
2080,23.373907
2081,37.27187
2082,47.07386
2083,46.077454
2084,44.384518
2085,13.062254
2086,20.592493
2087,16.711796
2088,16.636522
2089,42.19767
2090,40.69499
2091,47.022144
2092,47.072617
2093,47.693596
2094,44.70877
2095,14.997547
2096,19.286816
2097,16.129433
2098,16.660192
2099,17.340425
2100,14.095927
2101,40.059383
2102,46.142323
2103,47.771954
2104,47.04652
2105,46.02984
2106,25.088488
2107,22.56045
2108,21.73368
2109,22.04945
2110,18.368908
2111,18.599556
2112,17.854122
2113,32.366726
2114,45.154545
2115,46.999474
2116,46.788937
2117,43.324394
2118,42.268448
2119,38.268085
2120,39.33188
2121,37.511257
2122,42.87082
2123,43.22807
2124,34.64309
2125,36.01511
2126,46.728775
2127,46.64858
2128,46.308277
2129,45.93082
2130,44.443172
2131,16.212772
2132,21.08076
2133,17.221394
2134,15.583949
2135,17.366274
2136,17.803629
2137,9.771611
2138,47.61004
2139,48.247105
2140,17.952368
2141,17.893171
2142,38.56358
2143,49.023983
2144,48.51352
2145,45.052162
2146,13.756597
2147,19.123474
2148,14.249693
2149,14.9425955
2150,19.207855
2151,34.31566
2152,41.835594
2153,47.48949
2154,47.50654
2155,46.4227
2156,13.1896515
2157,14.886957
2158,16.73666
2159,14.948379
2160,16.848982
2161,9.357649
2162,34.02181
2163,37.81681
2164,48.440918
2165,30.458652
2166,16.560528
2167,18.757448
2168,24.745892
2169,22.906937
2170,18.747807
2171,18.236485
2172,17.263325
2173,10.099718
2174,39.57057
2175,32.729755
2176,36.79265
2177,47.627663
2178,48.835114
2179,49.210735
2180,20.902903
2181,20.116083
2182,21.94801
2183,21.23465
2184,19.611486
2185,32.045616
2186,38.749336
2187,36.484924
2188,46.91332
2189,46.693825
2190,46.914803
2191,46.86465
2192,46.84315
2193,45.917587
2194,42.14658
2195,40.469852
2196,37.9198
2197,35.964024
2198,36.37833
2199,34.653057
2200,32.200745
2201,35.610893
2202,47.54451
2203,47.115597
2204,46.796394
2205,14.866354
2206,19.31077
2207,11.079213
2208,38.14833
2209,41.890495
2210,45.791508
2211,44.34089
2212,26.389523
2213,20.2708
2214,20.373762
2215,15.203047
2216,6.323498
2217,17.340488
2218,40.88319
2219,46.782085
2220,47.241325
2221,46.53959
2222,46.002804
2223,43.57268
2224,12.444214
2225,15.428264
2226,16.80292
2227,18.260847
2228,10.780489
2229,8.709208
2230,19.607798
2231,43.586388
2232,48.28082
2233,48.562374
2234,48.524178
2235,47.382275
2236,44.8266
2237,17.33153
2238,21.533169
2239,28.21606
2240,17.800901
2241,23.219917
2242,38.734524
2243,46.753174
2244,47.235287
2245,46.567966
2246,46.97409
2247,46.21559
2248,42.746956
2249,26.011309
2250,12.27315
2251,19.250765
2252,18.883837
2253,14.655763
2254,14.79071
2255,11.384437
2256,4.758939
2257,14.494543
2258,28.551407
2259,28.816275
2260,47.388126
2261,47.834946
2262,46.650063
2263,25.677578
2264,19.304298
2265,18.433048
2266,37.461113
2267,47.531017
2268,46.08861
2269,43.41157
2270,43.862988
2271,41.820866
2272,40.69262
2273,42.450348
2274,45.674816
2275,45.59123
2276,38.776882
2277,39.52497
2278,47.692467
2279,47.284252
2280,47.88106
2281,47.0182
2282,26.325361
2283,23.872742
2284,23.738611
2285,20.497725
2286,21.44477
2287,19.930435
2288,13.851851
2289,41.153576
2290,46.891712
2291,25.9807
2292,14.749034
2293,18.268356
2294,20.371231
2295,18.71398
2296,18.562603
2297,44.18314
2298,39.831398
2299,48.32368
2300,47.081715
2301,19.594692
2302,17.538967
2303,14.202145
2304,15.741711
2305,10.640642
2306,7.2673965
2307,36.968895
2308,40.400414
2309,48.42025
2310,47.373653
2311,47.988983
2312,47.094124
2313,44.60288
2314,25.167881
2315,47.631905
2316,48.455673
2317,46.93811
2318,23.883114
2319,12.822808
2320,16.840523
2321,17.263493
2322,16.184816
2323,7.9157634
2324,17.03627
2325,35.706707
2326,47.60347
2327,47.91287
2328,47.453114
2329,47.18381
2330,46.08024
2331,39.82165
2332,25.257153
2333,21.569918
2334,18.176985
2335,18.320099
2336,16.830357
2337,38.79222
2338,34.365433
2339,36.96494
2340,47.250893
2341,42.002438
2342,39.794483
2343,39.675613
2344,38.934975
2345,42.504036
2346,46.95782
2347,47.292225
2348,15.272388
2349,25.085854
2350,23.238152
2351,18.421211
2352,24.870037
2353,41.579014
2354,47.20039
2355,47.69199
2356,46.660908
2357,43.598793
2358,13.449138
2359,21.025047
2360,17.67277
2361,16.407438
2362,17.514408
2363,10.440493
2364,8.856265
2365,36.45312
2366,47.153397
2367,47.415363
2368,46.964554
2369,43.72672
2370,23.779598
2371,15.31381
2372,34.685253
2373,41.784267
2374,47.070297
2375,46.40966
2376,11.471984
2377,20.263855
2378,17.729916
2379,14.128695
2380,7.1193743
2381,34.40056
2382,39.69369
2383,47.525654
2384,47.146793
2385,44.641037
2386,12.017383
2387,19.39341
2388,18.4177
2389,34.953575
2390,46.79578
2391,48.426315
2392,48.165688
2393,25.819023
2394,24.332237
2395,21.729897
2396,23.169086
2397,20.814695
2398,48.602104
2399,47.456203
2400,50.310715
2401,20.040218
2402,13.046415
2403,11.1953535
2404,27.71181
2405,40.34078
2406,41.1315
2407,47.44585
2408,40.93105
2409,48.18123
2410,47.412003
2411,28.399883
2412,24.713554
2413,31.06396
2414,27.88419
2415,30.655094
2416,16.727295
2417,41.13065
2418,48.018353
2419,46.96447
2420,23.128313
2421,20.46033
2422,47.60389
2423,46.332573
2424,11.701928
2425,14.133109
2426,14.965562
2427,15.883131
2428,13.404971
2429,13.236508
2430,6.030159
2431,4.5670266
2432,35.27807
2433,47.777473
2434,46.916714
2435,24.09197
2436,15.30024
2437,22.246016
2438,22.22154
2439,17.202438
2440,15.772074
2441,40.59982
2442,47.148594
2443,47.551857
2444,46.51907
2445,44.408993
2446,13.564943
2447,18.185184
2448,18.001476
2449,13.765681
2450,11.245958
2451,15.669822
2452,48.86185
2453,39.178123
2454,23.025723
2455,28.514748
2456,15.819874
2457,35.373768
2458,27.894249
2459,47.01182
2460,45.8953
2461,37.71192
2462,39.498196
2463,39.223476
2464,37.00201
2465,34.211315
2466,43.069717
2467,41.0779
2468,42.725483
2469,47.358326
2470,48.084682
2471,47.509556
2472,47.12726
2473,26.909807
2474,16.137392
2475,19.41114
2476,26.208923
2477,21.991995
2478,20.693533
2479,13.480418
2480,12.468181
2481,44.24977
2482,43.57947
2483,46.734924
2484,47.885456
2485,47.700474
2486,47.2773
2487,31.166376
2488,35.074436
2489,36.809273
2490,29.775236
2491,30.028128
2492,31.02704
2493,21.308294
2494,44.11586
2495,40.567352
2496,47.931656
2497,46.804462
2498,47.34977
2499,46.17015
2500,44.265594
2501,21.021055
2502,17.127542
2503,18.443556
2504,9.8248625
2505,22.289652
2506,42.454403
2507,49.19712
2508,48.87824
2509,48.04956
2510,45.817154
2511,13.793419
2512,23.963238
2513,20.349571
2514,19.584929
2515,19.628334
2516,16.419264
2517,36.64156
2518,33.29962
2519,15.80748
2520,20.790537
2521,18.214617
2522,18.481289
2523,11.430706
2524,10.165023
2525,21.491371
2526,38.010002
2527,43.470818
2528,47.348434
2529,49.142406
2530,49.22419
2531,23.39583
2532,24.39432
2533,19.477806
2534,20.806005
2535,35.290882
2536,41.39677
2537,43.752712
2538,44.290127
2539,41.389156
2540,38.82934
2541,38.22754
2542,41.69477
2543,43.802612
2544,45.516724
2545,47.238983
2546,48.089478
2547,46.753517
2548,37.47389
2549,32.74435
2550,29.861612
2551,26.93507
2552,21.395802
2553,30.798208
2554,43.807156
2555,44.477783
2556,48.882008
2557,49.935787
2558,48.805893
2559,48.688656
2560,45.774845
2561,26.544367
2562,15.246081
2563,17.940985
2564,24.086887
2565,19.206085
2566,16.68369
2567,40.477024
2568,48.045235
2569,44.972607
2570,15.248262
2571,22.154633
2572,19.151508
2573,16.34681
2574,12.784866
2575,48.083717
2576,24.84548
2577,11.987203
2578,10.688874
2579,43.581627
2580,42.128998
2581,47.269154
2582,47.5522
2583,48.04723
2584,47.818283
2585,45.94292
2586,16.485039
2587,23.562199
2588,21.06742
2589,21.583689
2590,19.811602
2591,35.958885
2592,30.381088
2593,41.576714
2594,46.0553
2595,45.1031
2596,22.699865
2597,22.70201
2598,23.309582
2599,19.587086
2600,20.073332
2601,16.497229
2602,18.800016
2603,38.67897
2604,47.482807
2605,47.15089
2606,46.19623
2607,40.88144
2608,37.35508
2609,39.99072
2610,39.345695
2611,38.589542
2612,38.153385
2613,43.140938
2614,36.72514
2615,44.95553
2616,47.722706
2617,45.117027
2618,26.853468
2619,15.466845
2620,18.56337
2621,25.7305
2622,23.59974
2623,21.854057
2624,22.524517
2625,21.062468
2626,40.545574
2627,47.920166
2628,48.434395
2629,47.53241
2630,26.648289
2631,23.99068
2632,20.107435
2633,21.01535
2634,19.437119
2635,39.429684
2636,46.314587
2637,41.20076
2638,45.529503
2639,46.819546
2640,47.7368
2641,46.545933
2642,23.546755
2643,14.472833
2644,16.047588
2645,13.6590395
2646,15.54214
2647,13.083526
2648,8.107432
2649,43.147476
2650,48.161602
2651,48.242695
2652,48.713326
2653,48.12019
2654,25.255463
2655,17.706991
2656,18.23053
2657,16.293951
2658,22.157782
2659,44.28285
2660,36.348824
2661,47.508377
2662,48.643078
2663,47.69434
2664,47.44444
2665,25.2565
2666,14.021804
2667,20.421543
2668,16.599394
2669,16.63274
2670,19.452185
2671,43.62434
2672,36.092304
2673,20.434069
2674,19.464401
2675,18.385935
2676,31.47636
2677,35.273277
2678,36.659668
2679,46.559948
2680,46.516464
2681,45.797375
2682,42.957245
2683,40.939827
2684,42.43378
2685,41.15354
2686,47.666275
2687,47.028877
2688,46.81795
2689,44.650536
2690,26.928082
2691,15.902566
2692,21.69661
2693,12.962933
2694,37.85458
2695,43.425194
2696,41.705605
2697,47.37754
2698,47.71436
2699,46.07264
2700,10.389845
2701,13.5680685
2702,13.958087
2703,12.905035
2704,39.17142
2705,42.620358
2706,48.891384
2707,45.486298
2708,34.13905
2709,39.032593
2710,28.504189
2711,30.089592
2712,29.49219
2713,27.96008
2714,21.683315
2715,45.964634
2716,46.82893
2717,46.79305
2718,23.358564
2719,16.801817
2720,24.332428
2721,16.615807
2722,18.844767
2723,16.050608
2724,11.361239
2725,21.154694
2726,38.181206
2727,48.109825
2728,48.63552
2729,45.30622
2730,22.37879
2731,17.136892
2732,12.805199
2733,21.37971
2734,37.933975
2735,47.887726
2736,49.34045
2737,48.75353
2738,49.06143
2739,48.230507
2740,40.94301
2741,25.868073
2742,20.747314
2743,19.666224
2744,19.90237
2745,19.623583
2746,19.504263
2747,37.20476
2748,47.441128
2749,47.402687
2750,46.551544
2751,43.90825
2752,43.121593
2753,39.883633
2754,41.315525
2755,38.875973
2756,36.51344
2757,48.33255
2758,47.63896
2759,47.441284
2760,23.759693
2761,19.159464
2762,18.53404
2763,13.071206
2764,23.621555
2765,39.807533
2766,43.196533
2767,47.756252
2768,48.228077
2769,47.44987
2770,44.387207
2771,12.943644
2772,21.28975
2773,20.661184
2774,17.371016
2775,20.130919
2776,35.47328
2777,43.13732
2778,41.14194
2779,47.692665
2780,47.04486
2781,47.51346
2782,46.89385
2783,43.98242
2784,24.510962
2785,12.516775
2786,20.124897
2787,16.320776
2788,13.848719
2789,7.042377
2790,18.35088
2791,33.69171
2792,41.643642
2793,36.942093
2794,40.75968
2795,48.961727
2796,47.048637
2797,15.858304
2798,21.559593
2799,22.364113
2800,18.893225
2801,19.206923
2802,20.100658
2803,16.812325
2804,21.002266
2805,34.766197
2806,47.626865
2807,48.75395
2808,47.95704
2809,25.549082
2810,16.343424
2811,19.96874
2812,17.421848
2813,16.349115
2814,20.119337
2815,42.483097
2816,38.60874
2817,47.081093
2818,23.294325
2819,22.782484
2820,21.63011
2821,21.175245
2822,33.332027
2823,40.87564
2824,36.626247
2825,42.902557
2826,45.72084
2827,46.45568
2828,46.303642
2829,40.623737
2830,35.65265
2831,36.493443
2832,37.538235
2833,40.277016
2834,36.874584
2835,34.463795
2836,36.347725
2837,46.299805
2838,46.865574
2839,13.206098
2840,19.404076
2841,20.628107
2842,18.384268
2843,18.255857
2844,19.585148
2845,12.023536
2846,38.990147
2847,45.272297
2848,48.18631
2849,48.20049
2850,49.025036
2851,48.828037
2852,48.515594
2853,45.59161
2854,17.0524
2855,18.088684
2856,45.75412
2857,37.941223
2858,42.63308
2859,49.00554
2860,25.970938
2861,13.96342
2862,15.684251
2863,20.547417
2864,17.286673
2865,8.908449
2866,18.732168
2867,35.799076
2868,44.05606
2869,35.94613
2870,23.483923
2871,20.909868
2872,22.91909
2873,19.885622
2874,15.016375
2875,37.366512
2876,47.676823
2877,48.62875
2878,47.814976
2879,48.0715
2880,25.784601
2881,17.679382
2882,20.623352
2883,20.773714
2884,18.622156
2885,16.977299
2886,12.449135
2887,44.37708
2888,38.778404
2889,46.79221
2890,46.616753
2891,45.932163
2892,41.305496
2893,23.689552
2894,22.932877
2895,20.742443
2896,18.636068
2897,18.43901
2898,29.604654
2899,39.460243
2900,35.884007
2901,47.355793
2902,47.4052
2903,40.86368
2904,39.22366
2905,41.41805
2906,41.995632
2907,40.887993
2908,43.474148
2909,38.59052
2910,36.921368
2911,47.91419
2912,47.489033
2913,25.613226
2914,14.881523
2915,26.969496
2916,24.919266
2917,24.00927
2918,39.264168
2919,43.839554
2920,47.50461
2921,47.909405
2922,46.98384
2923,21.868898
2924,20.215086
2925,21.580809
2926,17.91547
2927,12.909848
2928,10.778533
2929,38.656048
2930,48.39394
2931,48.084755
2932,13.280472
2933,15.874359
2934,19.498793
2935,20.456852
2936,16.993435
2937,9.903944
2938,45.05007
2939,41.046867
2940,47.608543
2941,47.450447
2942,46.950413
2943,16.385012
2944,22.285027
2945,22.375443
2946,11.890882
2947,21.359018
2948,44.834404
2949,38.06596
2950,43.423985
2951,47.902225
2952,45.548344
2953,25.737946
2954,15.9078665
2955,19.772577
2956,18.540924
2957,16.647509
2958,17.71558
2959,21.572058
2960,44.040104
2961,38.136066
2962,48.02243
2963,49.474865
2964,40.565353
2965,25.783852
2966,23.133064
2967,24.531073
2968,25.15282
2969,21.932247
2970,19.923307
2971,32.36719
2972,45.28851
2973,47.794556
2974,47.424034
2975,44.01062
2976,39.536392
2977,37.072803
2978,45.71938
2979,26.245344
2980,23.738039
2981,21.040154
2982,22.501156
2983,16.752874
2984,13.705727
2985,45.362663
2986,48.054386
2987,47.889015
2988,47.75647
2989,45.101902
2990,13.813892
2991,16.211948
2992,21.061316
2993,21.605944
2994,19.856102
2995,12.968991
2996,21.88637
2997,45.418507
2998,44.349026
2999,48.985252
3000,47.91211
3001,47.181496
3002,22.559374
3003,19.186762
3004,15.838977
3005,8.500474
3006,36.84339
3007,40.642437
3008,47.274765
3009,44.935493
3010,19.33573
3011,19.52706
3012,21.280184
3013,38.126778
3014,44.31991
3015,36.114277
3016,48.562626
3017,24.321829
3018,20.47666
3019,18.018002
3020,16.205786
3021,9.702663
3022,20.383482
3023,33.143864
3024,44.90206
3025,38.63732
3026,18.153078
3027,15.776753
3028,18.179514
3029,18.221
3030,19.072609
3031,36.49931
3032,44.51712
3033,46.925457
3034,46.80874
3035,47.127922
3036,42.731983
3037,40.054516
3038,39.183228
3039,40.2836
3040,40.424946
3041,39.386127
3042,35.072956
3043,42.74952
3044,41.376736
3045,42.258926
3046,46.87779
3047,47.451202
3048,44.233494
3049,14.154914
3050,21.601755
3051,19.831696
3052,21.105253
3053,18.186611
3054,17.811115
3055,13.598005
3056,46.801094
3057,48.081493
3058,48.611946
3059,47.77467
3060,48.326305
3061,16.281576
3062,22.22843
3063,18.998837
3064,16.49593
3065,17.763332
3066,16.048443
3067,10.5617485
3068,46.21699
3069,40.919296
3070,48.617977
3071,47.97702
3072,47.338326
3073,46.82657
3074,25.342806
3075,23.935497
3076,23.588312
3077,19.252514
3078,19.770094
3079,17.351929
3080,8.238888
3081,33.90945
3082,42.199688
3083,39.730106
3084,48.571774
3085,47.640156
3086,47.557865
3087,25.069864
3088,15.845937
3089,22.06502
3090,21.605024
3091,14.7606945
3092,16.095243
3093,13.277264
3094,37.6952
3095,36.00598
3096,49.234024
3097,47.520435
3098,25.964159
3099,19.586948
3100,20.748209
3101,17.421976
3102,17.887957
3103,18.358723
3104,10.15688
3105,38.21964
3106,38.159092
3107,47.28711
3108,48.21217
3109,47.165775
3110,22.49982
3111,20.293123
3112,19.19196
3113,19.386496
3114,32.844566
3115,36.437946
3116,46.396378
3117,46.442986
3118,43.30811
3119,40.039333
3120,38.869823
3121,39.205936
3122,39.61502
3123,40.04725
3124,39.728012
3125,35.07611
3126,37.052727
3127,36.18788
3128,42.51848
3129,47.449028
3130,47.747383
3131,46.90451
3132,46.273632
3133,24.341343
3134,15.069945
3135,16.986788
3136,24.70802
3137,23.649418
3138,18.162273
3139,12.002127
3140,47.91247
3141,23.71033
3142,17.421389
3143,13.155344
3144,9.343711
3145,7.93057
3146,46.59663
3147,47.123623
3148,45.558674
3149,43.062466
3150,13.234958
3151,10.129606
3152,34.66721
3153,43.746395
3154,48.10644
3155,47.091625
3156,14.583298
3157,20.826488
3158,17.622702
3159,17.879993
3160,15.14744
3161,48.233833
3162,46.30171
3163,26.132729
3164,14.066967
3165,19.812506
3166,16.970835
3167,18.32951
3168,16.616982
3169,10.593208
3170,21.8489
3171,37.43634
3172,48.875835
3173,48.938175
3174,48.79766
3175,24.9228
3176,21.827213
3177,19.563694
3178,19.703247
3179,18.131454
3180,18.555807
3181,19.464684
3182,17.822441
3183,40.900337
3184,32.99384
3185,34.478992
3186,44.66129
3187,47.1683
3188,46.91834
3189,46.54111
3190,45.432323
3191,40.48941
3192,37.047985
3193,41.64496
3194,40.551464
3195,40.818645
3196,45.73783
3197,48.09424
3198,48.459408
3199,47.84093
3200,48.463203
3201,44.612114
3202,25.940351
3203,14.755724
3204,20.477432
3205,15.460228
3206,11.618929
3207,36.256096
3208,42.588383
3209,36.684685
3210,47.520496
3211,46.752537
3212,47.317173
3213,45.958996
3214,43.62062
3215,14.239116
3216,19.66678
3217,16.88381
3218,36.79529
3219,39.862133
3220,43.23273
3221,47.98271
3222,46.93884
3223,47.56395
3224,23.982782
3225,22.505753
3226,18.77871
3227,10.916664
3228,37.21637
3229,38.830444
3230,42.65436
3231,48.218014
3232,47.43141
3233,47.938488
3234,46.473877
3235,20.22153
3236,17.181925
3237,16.1138
3238,16.80958
3239,9.18119
3240,20.24215
3241,43.13964
3242,48.07311
3243,48.26968
3244,27.359932
3245,15.874817
3246,16.929426
3247,22.798897
3248,20.011065
3249,15.698843
3250,12.773707
3251,14.368276
3252,18.917456
3253,37.092243
3254,32.225388
3255,33.884907
3256,48.85975
3257,48.789337
3258,27.006695
3259,26.40802
3260,16.93339
3261,17.658134
3262,41.3137
3263,37.175232
3264,31.02924
3265,45.445618
3266,47.63768
3267,39.77982
3268,39.317493
3269,39.010426
3270,39.31431
3271,37.087704
3272,42.13448
3273,46.505703
3274,45.724148
3275,15.76635
3276,22.374096
3277,16.308094
3278,10.885533
3279,22.457281
3280,38.659763
3281,48.680557
3282,48.719437
3283,47.141193
3284,27.849142
3285,22.933834
3286,19.320192
3287,19.472357
3288,16.779448
3289,17.845854
3290,13.101454
3291,9.079747
3292,34.102993
3293,42.55409
3294,37.244095
3295,41.631657
3296,47.12842
3297,47.545845
3298,44.208015
3299,22.365913
3300,19.110775
3301,14.715364
3302,49.377316
3303,48.414024
3304,48.88885
3305,48.659058
3306,28.335283
3307,17.587238
3308,18.983784
3309,17.962822
3310,16.965836
3311,10.2381525
3312,22.824028
3313,33.611694
3314,47.72391
3315,48.9326
3316,47.481297
3317,45.202053
3318,27.052588
3319,14.688554
3320,16.5724
3321,20.51571
3322,18.778675
3323,14.946885
3324,14.514043
3325,11.655214
3326,8.345236
3327,20.900002
3328,38.23268
3329,42.5797
3330,48.75166
3331,48.03529
3332,24.000134
3333,25.309935
3334,45.663975
3335,47.384377
3336,47.573193
3337,46.82158
3338,43.31753
3339,40.26326
3340,40.695663
3341,38.151764
3342,39.255527
3343,42.187904
3344,31.303207
3345,41.67202
3346,46.088856
3347,46.99089
3348,45.8854
3349,43.75088
3350,26.687674
3351,14.303046
3352,16.701002
3353,14.343354
3354,10.117948
3355,21.875118
3356,38.858982
3357,44.829895
3358,47.52251
3359,48.190697
3360,25.170012
3361,21.272604
3362,21.751505
3363,15.610001
3364,10.914043
3365,21.763048
3366,38.936375
3367,47.91935
3368,45.183567
3369,26.772812
3370,16.136126
3371,38.13141
3372,42.764107
3373,48.77399
3374,49.350666
3375,48.48474
3376,47.47168
3377,24.684206
3378,12.432523
3379,13.899356
3380,18.950354
3381,15.5556345
3382,15.983732
3383,14.744539
3384,5.721572
3385,15.831369
3386,30.639322
3387,47.094746
3388,26.420483
3389,21.282692
3390,8.991397
3391,15.4123745
3392,27.73794
3393,47.771294
3394,49.41004
3395,48.87277
3396,47.763958
3397,23.770145
3398,23.03833
3399,19.092451
3400,17.998566
3401,20.021704
3402,19.635258
3403,19.856325
3404,32.25167
3405,44.68757
3406,48.57606
3407,47.189995
3408,46.298733
3409,43.932724
3410,46.59415
3411,43.82241
3412,41.6009
3413,41.564987
3414,35.17065
3415,47.9871
3416,47.336815
3417,22.36843
3418,27.814367
3419,22.420616
3420,20.765972
3421,15.137779
3422,14.654658
3423,42.788097
3424,49.164368
3425,49.423176
3426,48.93009
3427,46.160862
3428,31.597172
3429,33.842587
3430,35.801365
3431,26.23374
3432,25.665735
3433,20.1698
3434,18.845108
3435,30.823017
3436,42.359222
3437,49.055244
3438,50.28144
3439,49.200226
3440,48.662766
3441,32.369442
3442,25.851624
3443,24.337088
3444,18.140394
3445,16.658836
3446,31.380575
3447,40.48678
3448,48.594482
3449,47.655815
3450,48.03522
3451,47.48293
3452,45.160027
3453,31.05603
3454,23.878683
3455,20.252043
3456,20.06334
3457,17.729685
3458,12.362569
3459,47.027607
3460,49.01816
3461,48.577503
3462,48.31024
3463,48.167515
3464,21.963593
3465,21.320612
3466,20.454641
3467,20.283537
3468,13.79687
3469,36.038204
3470,48.116413
3471,50.088673
3472,33.981586
3473,26.461727
3474,24.947416
3475,26.038849
3476,34.883984
3477,43.60777
3478,34.912323
3479,43.38709
3480,44.630722
3481,45.149727
3482,45.125156
3483,45.108295
3484,46.08432
3485,49.122845
3486,44.496292
3487,45.888844
3488,44.423145
3489,37.873474
3490,34.996964
3491,46.480118
3492,46.53551
3493,48.066097
3494,46.733425
3495,46.107357
3496,28.710299
3497,22.897963
3498,18.705727
3499,12.100745
3500,24.543413
3501,48.334927
3502,41.35024
3503,44.413994
